Comment,Designator,Footprint,LCSC Part #,Manufacturer Part,Qty,Assembly
100nF,"C5,C13,C14,C15,C16,C17,C18,C21,C24,C29,C30,C31,C32,C33,C160",C0402,C1525,,15,SMT
22uF,"C6,C7,C8,C9,C10,C11,C34,C150,C151",C0805,C45783,,9,SMT
2.2uF,"C19,C20,C120",C0603,C23630,,3,SMT
1uF,C22,C0603,C15849,,1,SMT
4.7uF,"C23,C28",C0603,C19666,,2,SMT
10pF,"C25,C26",C0402,C32949,,2,SMT
10nF,"C60,C122,C127,C129,C139,C141",C0603,C57112,,6,SMT
4.7nF 50V C0G 5%,"C70,C81",C_0603_1608Metric,C85980,GRM1885C1H472JA01D,2,SMT
100nF 50V X7R 10%,"C71,C74,C83,C90,C93,C128,C140",C_0603_1608Metric,C1591,CL10B104KB8NNNC,7,SMT
22uF 25V X7R 10%,"C72,C73,C75,C76,C82,C92",M3_GRM32_1210,C21397,GRM32ER71E226KE15L,6,SMT
100pF 50V C0G 5%,C77,C_0603_1608Metric,C14858,CL10C101JB8NNNC,1,SMT
1uF 50V X7R 10%,"C80,C91",C_1206_3216Metric,C1848,CL31B105KBHNNNE,2,SMT
330uF 25V,C84,M3_OSCON_F12,C178367,,1,SMT
470nF 25V X7R 10%,C85,C_0603_1608Metric,C1623,CL10B474KA8NNNC,1,SMT
1uF 25V X7R 10%,C86,C_0603_1608Metric,C29936,CL10B105KA8NNNC,1,SMT
470uF 25V,C121,CAP-SMD_BD8.0-L8.3-W8.3-LS9.0-FD_H10.5,C46550466,MA25V470M8x10,1,SMT
220nF 25V X7R,"C126,C138",C0603,C21120,CL10B224KA8NNNC,2,SMT
USBLC6-2SC6,D4,SOT-23-6_L2.9-W1.6-P0.95-LS2.8-BL,C7519,,1,SMT
SMBJ9.0CA,D8,D_SMB,C135111,SMBJ9.0CA-13-F,1,SMT
B340A-13-F,D9,D_SMA,C85098,B340A-13-F,1,SMT
BAT54A,D120,SOT-23-3_L2.9-W1.3-P1.90-LS2.4-BR,C8591,BAT54A,1,SMT
SRV05-4,D121,SOT-23-6_L2.9-W1.6-P0.95-LS2.8-BL,C13612,SRV05-4.TCT,1,SMT
BAT54S,D122,SOT-23-3_L2.9-W1.3-P1.90-LS2.4-BR,C47546,"BAT54S,215",1,SMT
1N5819WS,D123,SOD-323_L1.8-W1.3-LS2.5-RD,C191023,1N5819WS,1,SMT
BAT+ / GND / SW / SW,J1,M3_DB128V_4P_Entry,C2915641,,1,THT (hand/THT service)
SWD+DFU 1x6,J2,HDR-TH_6P-P2.54-V-M-1x6,C2337,,1,THT (hand/THT service)
USB-C 2.0,J3,USB-C_SMD-TYPE-C-31-M-12_1,C165948,,1,SMT
CAM 5V / GND / RX / TX,J9,M3_DB128V_4P,C2915641,,1,THT (hand/THT service)
ARM: RAW / BUS2 / BUS1 / RAW,J120,M3_DB128V_4P,C2915641,,1,THT (hand/THT service)
E1- / E1+ / E2+ / E2-,J121,M3_DB128V_4P,C2915641,,1,THT (hand/THT service)
SERVO 3x4,J122,HDR-TH_12P-P2.54-V-M-R3-C4-S2.54,C32713291,,1,THT (hand/THT service)
PULL-PIN 1x2,J123,M3_PULLPIN_1x2,C2337,,1,THT (hand/THT service)
4.7uH,"L1,L2",IND-SMD_L4.0-W4.0,C57269,,2,SMT
10uH,L3,M3_SRP5030TA,C3223923,SRP5030TA-100M,1,SMT
RED,LED1,M3_NCD0805R1_K1,C84256,NCD0805R1,1,SMT
YEL,LED2,M3_KT0805Y_A1,C2296,KT-0805Y,1,SMT
MLT-8530,LS120,BUZ-SMD_4P-L8.5-W8.5-P8.50-BR,C94599,MLT-8530,1,SMT
AON6403,"Q120,Q121",PDFN-8_L5.6-W5.2-P1.27-LS6.1-BL,C2760089,AON6403,2,SMT
AO3400A,"Q122,Q123",SOT-23-3_L2.9-W1.3-P1.90-LS2.4-BR,C20917,AO3400A,2,SMT
AON7524,"Q124,Q125",M3_AON7524_DFN3x3A,C431195,AON7524,2,SMT
10k,"R5,R10,R11,R61,R62,R63,R64,R121,R124,R128,R129,R132,R140,R141,R144,R154,R155,R156,R157,R161,R163",R0402,C25744,,21,SMT
5.1k,"R7,R8",R0402,C25905,,2,SMT
6.2k 1%,R9,R0402,,RC0402FR-076K2L,1,SMT
4.7k,"R12,R13,R125",R0402,C25900,,3,SMT
220R,"R32,R33,R126,R138,R162",R0805,C17557,,5,SMT
100k,"R60,R120,R122,R123",R0402,C25741,,4,SMT
1.78k 0.1%,R70,R_0603_1608Metric,C861207,RT0603BRD071K78L,1,SMT
172k 0.1%,R71,R_0603_1608Metric,C861162,RT0603BRD07172KL,1,SMT
30.9k 0.1%,R72,R_0603_1608Metric,C861313,RT0603BRD0730K9L,1,SMT
1k 1%,"R74,R77,R100,R101,R103",R_0603_1608Metric,C22548,RC0603FR-071KL,5,SMT
10k 0.1%,"R75,R76,R78,R88,R89,R90,R91,R92,R102,R110",R_0603_1608Metric,C95204,RT0603BRD0710KL,10,SMT
1M 0.1%,R80,R_0603_1608Metric,C326730,RT0603BRD071ML,1,SMT
280k 0.1%,R81,R_0603_1608Metric,C705755,RT0603BRD07280KL,1,SMT
2M 0.1%,R82,R_0603_1608Metric,C4241878,MCT0603MD2004BP500,1,SMT
300k 0.1%,R83,R_0603_1608Metric,C705762,RT0603BRD07300KL,1,SMT
1.65k 0.1%,R84,R_0603_1608Metric,,RT0603BRD071K65L,1,SMT
66.5k 1%,R85,R_0603_1608Metric,C137691,RC0603FR-0766K5L,1,SMT
80k 0.1%,R86,R_0603_1608Metric,,PTN0603Y8002BST1,1,SMT
44.2k 0.1%,R87,R_0603_1608Metric,C861410,RT0603BRD0744K2L,1,SMT
1k,"R127,R130,R133,R139,R142,R145,R160",R0402,C11702,,7,SMT
47k,"R131,R143",R0402,C25792,,2,SMT
1k 0805,"R150,R151,R152,R153",R0805,C17513,0805W8F1001T5E,4,SMT
STM32H743VIT6,U1,LQFP-100_L14.0-W14.0-P0.50-LS16.0-BL,C5271084,,1,SMT
AP63203WU-7,U2,TSOT-26_L2.9-W1.6-P0.95-LS2.8-BL,C780769,,1,SMT
W25Q128JVSIQ,U3,SOIC-8_L5.3-W5.3-P1.27-LS8.0-BL,C97521,W25Q128JVSIQ,1,SMT
ICM-45686,U4,LGA-14_L3.0-W2.5-P0.50-TL,C22459454,,1,SMT
MS561101BA03,U5,SENSORS-SMD_MS5611-01BA03,C15639,,1,SMT
SAM-M10Q-00B,U6,LCC-20_L15.5-W15.5-P1.90_SAM-M10Q-00B,C5443880,SAM-M10Q-00B,1,SMT
TPS259570DSGR,U7,M3_TPS2595_DSG,C1849463,,1,SMT
AP63200WU-7,U8,M3_AP63200_TSOT26,C2071868,,1,SMT
TPS259470LRPWR,U9,M3_TPS25947_RPW,C3662793,,1,SMT
TPS2553DBVR,U10,M3_TPS2553_DBV,C55266,,1,SMT
TPS2121RUXR,U11,M3_TPS2121_RUX,C485916,,1,SMT
TXU0202DCUR,U12,M3_TXU0202_DCU,C5186957,TXU0202DCUR,1,SMT
TPS70933DBVR,U13,M3_TPS709_DBV,C89347,TPS70933DBVR,1,SMT
25MHz CL8pF,Y1,CRYSTAL-SMD_4P-L3.2-W2.5-BL,C1985619,,1,SMT
